timestamp,source,operation,status,details
2025-11-12 08:49:32,NOAA_ERDDAP,SST_SCRAPING,STARTED,
2025-11-12 08:49:37,NOAA_ERDDAP,SST_SCRAPING,SUCCESS,"noaa_sst_20251107_20251109.csv (18,273,167 bytes)"
2025-11-12 08:49:37,COPERNICUS,AUTHENTICATION,STARTED,
2025-11-12 08:49:37,COPERNICUS,AUTHENTICATION,INFO,Login command failed (may be OK): login() got an unexpected keyword argument 'overwrite_configuration_file'
2025-11-12 08:49:37,COPERNICUS,SST_SCRAPING,STARTED,
2025-11-12 08:49:47,COPERNICUS,SST_SCRAPING,SUCCESS,"copernicus_sst_20251109.csv via read_dataframe (40,000 rows)"
2025-11-12 08:49:47,BGC_ARGO,BIO_INDEX,STARTED,
2025-11-12 08:49:51,BGC_ARGO,BIO_INDEX,SUCCESS,"argo_bio_prof_index.txt (109,243,759 bytes)"
2025-11-12 08:49:51,NCEI,GHCN_STATIONS,STARTED,
2025-11-12 08:49:54,NCEI,GHCN_STATIONS,SUCCESS,"ncei_ghcnd_stations.txt (11,150,588 bytes)"
2025-11-12 08:49:54,NOAA,PROCESSING,STARTED,
2025-11-12 08:49:56,NOAA,PROCESSING,SUCCESS,46 file(s)
2025-11-12 08:49:56,COPERNICUS,PROCESSING,STARTED,
2025-11-12 08:49:56,COPERNICUS,PROCESSING,SUCCESS,3 file(s)
2025-11-12 08:49:56,ARGO,PROCESSING,STARTED,
2025-11-12 08:49:57,ARGO,PROCESSING,SUCCESS,1 file(s)
2025-11-12 08:49:57,NCEI,PROCESSING,STARTED,
2025-11-12 08:49:59,NCEI,PROCESSING,SUCCESS,13 file(s)
